a_name,b_name,c_name,d_name,e_name,f_name,g_name,label
-2.9821754338035213,-9.51681816823739,-11.959254359774297,-11.93769890980736,-24.79939071378628,-16.93400860317512,-23.889438285844466,crack
-2.888583140461228,-8.41546209746875,-10.638558200301615,-10.625252162330515,-21.393889469546227,-14.844090505591067,-21.422389695145416,crack
-2.9716901394523485,-8.74798900326247,-11.652767734654532,-11.82052200012004,-23.596748337876498,-16.212268545872,-23.94628826175994,crack
-2.966585152603171,-8.684021723577704,-11.825512831828123,-12.35759747668313,-25.00548526239842,-16.877422128700783,-24.466587022780576,crack
-2.9731062113863387,-10.032853568714033,-13.34243161870568,-12.758496595119915,-25.84393277257206,-18.14545492503655,-26.222728592407048,crack
-2.9296718443805907,-8.660189151043534,-10.728425812757012,-10.988869855429073,-21.88070183050481,-15.351785505811593,-22.271810370927113,crack
-2.988520901865234,-9.088268169638264,-11.90492011989207,-12.192500946533226,-24.32263307798023,-17.127865134755293,-24.49365903444773,crack
-2.9704497567334203,-8.840760390783235,-12.369309006122197,-12.969015694875496,-25.73029969460492,-18.31549646325661,-25.868809223055212,crack
-2.8226671642834695,-8.75345118402476,-10.3697205668065,-10.402361915878908,-20.854728147982698,-14.845700657685802,-21.078260776434323,crack
-2.805243884294544,-8.638472710817329,-10.317532369229465,-10.435139607290898,-21.136256118272254,-15.059402789988352,-20.86657230053575,crack
-2.903692585258258,-9.292243437726428,-10.654948297043726,-11.013860271580091,-22.061539098649,-16.179449756418844,-21.950150627193256,crack
-2.9489870200233894,-8.855813290967204,-13.348628948795021,-11.526720945285913,-24.137193755411356,-15.970156489340853,-24.094703304967386,crack
-2.981912520465932,-9.420647125737892,-12.177916199987934,-12.695551611162465,-25.779573090268386,-17.640406817768522,-25.143594914611388,crack
-2.975267508380088,-9.280458224092117,-12.55645153167371,-11.884036611802584,-24.42273934919154,-18.141972908606114,-24.161238076672856,crack
-2.8931331559284827,-8.75378578741609,-10.665628300881593,-10.652829437248359,-21.312431649858436,-15.057281000269466,-22.69456778564819,crack
-3.0032276360294405,-9.345978905068435,-12.389316504695984,-12.634961156244183,-25.384192525341295,-17.317604190097647,-25.235883399507383,crack
-2.8563301395385743,-8.606154912636223,-10.48777959778787,-10.70953124882391,-21.33213738673755,-15.189253404036508,-21.798769889887268,crack
-2.9318930282400126,-8.350967574078398,-12.030277294709785,-12.07152799654722,-24.23713102336911,-16.33754262650656,-24.315856968816046,crack
-2.9236220034304012,-8.456799874341444,-10.861235140273724,-11.090483880411824,-22.25063093761531,-15.611271714821285,-22.187638319588935,crack
-2.917114609869917,-8.400310193678997,-11.39093094400046,-11.220067477557766,-22.569874988458714,-15.501491184916196,-22.8924788746565,crack
-2.8270661957118866,-8.34362480876819,-10.371126373760957,-10.320874992305633,-20.70618281574163,-14.532557662151142,-21.057374291590072,crack
-2.86038186228335,-8.857888537226957,-10.542145143156723,-10.377309192094094,-20.838967728580148,-15.011076776063721,-21.863445873703306,crack
-2.8337516945519607,-8.63370340615425,-10.390065962857948,-10.451374579823945,-20.88563962458508,-14.828166655206083,-21.481323321745577,crack
-2.763454417838675,-8.537740621873427,-10.004700721789076,-10.180819147497225,-20.273627968421028,-14.451243313823241,-22.097387184301382,crack
-2.998460757000652,-9.642940154561282,-12.16586446920806,-11.97201676017674,-24.31840581177366,-16.798996330861044,-24.11189287099405,crack
-2.97575140157623,-8.705659243753171,-11.488644349501248,-11.534530937905169,-23.11107691814326,-15.899562914998016,-23.33984840029801,crack
-3.0114832755076453,-9.022049140604231,-12.142760278610735,-12.939876991691602,-25.869978097779903,-18.162673775632395,-25.520844928239335,crack
-2.976646133153427,-9.428583785703323,-14.648377489305767,-12.175048216085287,-25.681667386075826,-17.43333699056664,-25.81221824527166,crack
-2.809694074813638,-8.604411967356667,-10.258921849537021,-10.329676992046899,-20.633640189766478,-14.63637429774044,-21.30459409161002,crack
-2.98438470802178,-9.048139551449763,-13.015888628575082,-12.772490002447576,-25.774462776990088,-17.59823250026601,-25.87044755882691,crack
-2.826894269708894,-8.377738085256482,-10.308181329684787,-10.270262244323229,-20.642982061192832,-14.627206934191513,-20.807435947574614,crack
-2.8411754959355893,-8.99024823111717,-10.289164313734453,-10.301745508912207,-20.724375371885177,-14.874141391360958,-20.77386968693113,crack
-2.988893105657236,-10.489084318464966,-12.516128999785263,-12.38120538463895,-24.93648616353224,-17.97538911768808,-25.035473595988467,crack
-3.0114032738590013,-9.549211934208358,-12.718713859779092,-12.544456456904602,-25.26406628681762,-17.553059100134345,-25.41464416458886,crack
-2.9730246487176664,-8.575718963438275,-11.470423889318482,-12.221824235181174,-24.099728050060694,-16.588658010300342,-24.500946318119873,crack
-3.02559105305232,-9.945873638489351,-14.215433389625645,-13.134691353697365,-27.120763395490666,-18.56649277314211,-26.868995918829267,crack
-3.035162452701029,-9.301704998608642,-12.414112247724239,-12.424102748798774,-24.843447320342268,-17.46804623632162,-26.32426462472525,crack
-3.0059835921811775,-9.235962513251996,-11.797237198618795,-13.048210777274246,-25.804720763260967,-18.06799678329453,-25.52349850499803,crack
-3.0570733185555254,-9.180485945007264,-12.857325655745582,-13.050269670425203,-26.210383364826445,-17.65790839829066,-26.11022888562624,crack
-2.823352207072405,-9.266774265923628,-11.16329570197696,-11.810702581173162,-23.32203862286115,-17.265532396940603,-23.785001063881797,crack
-2.8160290504579932,-9.322457163218441,-11.592044974647987,-11.482796959302158,-23.082783699303373,-16.21611255134404,-23.320958964308655,crack
-2.9929908672968297,-9.717134109397028,-11.880278682902235,-13.2533324302967,-26.075296029290243,-18.667263584081272,-25.900337601742805,crack
-2.5561219814030673,-8.169143633727002,-9.511850747951264,-9.341351729562133,-18.77105137885823,-13.431334597997806,-19.692308008686116,crack
-2.8157963960339574,-8.74576500648636,-11.823110166122731,-11.50492459089329,-23.553682771268694,-15.966102147158239,-23.209410038797028,crack
-2.867546497661453,-8.264465576233984,-10.253324697156652,-10.58899638978048,-21.206181142826612,-14.74763485816177,-21.12306760940929,crack
-2.6974186328119103,-7.758863230615148,-10.624272896607371,-10.206925476322635,-21.77255733483936,-14.39256989877408,-20.62361554886977,crack
-2.9477032286383924,-8.200460815314552,-11.085013753849227,-11.123494309387599,-22.268063239407528,-15.25818955655633,-22.61323838848242,crack
-2.8625491482789354,-8.350685177520342,-10.349795935747522,-10.538708864295208,-21.14607242522648,-14.73711161265984,-21.121570883092524,crack
-2.9973600717020883,-8.881680845834504,-12.82056371311495,-12.612450017456613,-25.376465123604955,-18.125484505820424,-25.682270774589743,crack
-2.8056091402872476,-8.241471329928626,-10.540545316471226,-10.306527084112401,-20.771648283534226,-14.439225870612097,-21.10943287074217,crack
-3.0239338008128067,-10.13728401256317,-12.563186850142065,-12.731435968066858,-26.143168417826832,-18.169814321474774,-25.38526994303926,crack
-2.843512872492305,-8.40506966647455,-10.588932011127824,-10.300491646093326,-20.836126830695168,-14.582047858415827,-20.978120593008008,crack
-2.9420973295445925,-8.480179863729745,-10.811750764717967,-10.917107207469634,-21.802787975055093,-15.168176768096135,-22.29675491681054,crack
-2.9939283899307685,-10.867853453540768,-12.040631198025102,-12.539999030959876,-24.953552638522382,-18.802392333857565,-25.012030890001853,crack
-3.024621536174772,-9.190321103264978,-12.796485396781064,-12.09732730655007,-24.940698355015567,-17.005877365802892,-24.58237616696978,crack
-2.8533743278983636,-8.926984046373136,-10.701873568677708,-10.671218728017728,-21.419628609512326,-15.42016044566124,-21.660621978831532,crack
-3.012911968752564,-8.660108991223078,-13.608538548542853,-13.488928211778513,-27.798936610911095,-17.825408659231737,-27.044280809892882,crack
-2.813500365532346,-8.675277425322475,-10.641362767673662,-10.662588578108155,-21.31747116070211,-15.018193353811219,-22.25267747146991,crack
-2.9641143882059104,-9.439382790212042,-12.243796517560204,-12.172326767591974,-24.906239670187425,-16.908620821532473,-24.40057592818151,crack
-2.7718397575668883,-10.262917016438118,-11.13120394794349,-10.975255175957482,-22.341903328110725,-16.110284280604404,-22.086976811959747,crack
-2.8370981290634543,-9.227333782292385,-11.967871847015667,-11.110508427317134,-23.28892884121071,-15.936157907987953,-22.661447255516258,crack
-2.870363622748884,-8.149138246324329,-10.236552928655719,-10.181771943584724,-20.391270388081402,-14.330795416895468,-21.796304467952925,crack
-2.9690260154947534,-9.547638634394977,-11.471143229381905,-11.66382334629762,-23.376373849931735,-16.48173645616,-23.387409612603225,crack
-3.0184074305539506,-9.020177063951076,-12.454517728705667,-13.102046137445479,-25.881783650857432,-18.932399298768587,-26.967914521957283,crack
-2.954420259042404,-9.88247773252382,-12.041941712131285,-11.782423249948353,-23.707331670824466,-16.841165849306144,-24.316969851538936,crack
-2.9746977472419425,-8.363503487933277,-11.761690558451326,-11.382288236300324,-23.125609427929877,-15.56857227820403,-23.08579802387687,crack
-2.9978464276777594,-9.727569550882826,-12.431512273586549,-12.70329065829339,-25.284658896295827,-17.753416355338008,-25.873467216033124,crack
-2.931587941184094,-8.498502660632948,-10.863751800196102,-10.921914980393428,-22.07617843268148,-15.173069412513264,-21.89220334108051,crack
-2.7174881816732497,-8.379934794489566,-10.352124360603502,-10.716631595746405,-21.25256546439675,-14.94125693356473,-22.324174701364583,crack
-2.749696156708016,-8.538560829180382,-10.392245698376508,-10.718971875286183,-21.284757639230982,-15.354811271604783,-21.944217036535882,crack
-2.795649428697471,-8.10178353981611,-10.234522179701065,-10.183634227406978,-20.392716938768263,-14.24477922002006,-22.734109173169195,crack
-2.8230044276392765,-8.517807511399981,-10.370728621207462,-10.420728313657602,-20.868870848955492,-14.679677765241783,-21.150790150098633,crack
-2.7300083259544894,-8.225728969299947,-10.473220172873454,-10.62965897747569,-21.338106380256317,-15.63718073053547,-21.32530923701266,crack
-2.716057007371904,-9.036923162341234,-11.153985146926436,-10.31191907042399,-21.04488799003372,-14.94678823062273,-23.10046081413139,crack
-2.9670837941190813,-8.988407374080719,-12.524677929603433,-12.751562627533065,-25.436786171277593,-17.282504390136943,-25.744660624516666,crack
-2.9665594670856583,-8.88198297135526,-12.006476483792047,-12.471975469485503,-24.9067868708994,-17.199455808736463,-24.82441187497316,crack
-2.8552836405118422,-9.064453628811691,-11.480932931219291,-10.837855981924072,-22.011088083784692,-15.374701587091533,-22.601978581635073,crack
-2.9692741198817374,-9.132329666239817,-11.719414785788054,-12.564190905687305,-24.918882231341655,-17.366133201632348,-24.80811129481475,crack
-2.979255314178294,-9.370892195794939,-11.743737862547759,-12.133028139778794,-24.152721218878604,-17.103739706615578,-24.324104032430338,crack
-2.8192311957613327,-8.364567250886672,-10.350295062982857,-10.255073657100855,-20.557900614264618,-14.443798070686997,-22.149151089582535,crack
-3.0115721878721735,-9.134495127144422,-14.439214896897466,-12.432402601616564,-26.441866220139666,-17.533663188636787,-25.884258308970587,crack
-2.845479639204131,-8.543655070690475,-10.369762927995502,-10.468632975781315,-20.921545828832027,-14.74669469493504,-21.30893652311492,crack
-3.017385963554503,-9.79540386903567,-12.773936539708936,-12.41825681567762,-25.2624304264606,-17.380687678412976,-25.097792925998856,crack
-3.013552377923227,-9.567180234397286,-12.815616470622247,-12.455032957960533,-25.09585378387744,-17.28797338382437,-25.891449317374132,crack
-2.836339584836872,-8.256006394688384,-10.21083200762695,-10.334049789504226,-20.6112777068371,-14.493912469069944,-21.437224393147815,crack
-2.988111497622272,-9.348471387079602,-12.650748123226458,-12.818287148512622,-26.381892928453542,-17.65687397913548,-25.557628624866503,crack
-2.858715789480307,-8.894995777708306,-10.45012960741838,-10.175115421968718,-20.49263287199042,-14.712531245892196,-21.313684485453003,crack
-2.989743605852394,-9.085264377238133,-12.923399389127464,-13.275044341143461,-26.511758252696755,-18.153918174722673,-26.538635290320293,crack
-2.6970742990492504,-7.833354340180659,-10.008037099987845,-9.88894936115072,-19.98457460944662,-13.85113156199808,-19.99139410897779,crack
-2.957196803254401,-9.030049870405513,-12.612755159689167,-12.198105160088396,-24.766881730952772,-16.71859101503856,-24.741935005377062,crack
-2.970950928118567,-8.716867110281719,-11.345107766297307,-11.682237535053664,-24.20153569039488,-16.33476121764656,-23.198036502123085,crack
-2.970776272865184,-9.221167962362934,-11.210394186194906,-11.19996889973509,-22.497745096683687,-15.988070149894364,-22.634889303681952,crack
-2.7678538983224827,-8.36648612154218,-10.836947162388835,-11.539029951629622,-23.43214968377089,-16.318488740940648,-22.735629931789504,crack
-3.021055199508356,-9.76879026405903,-12.10004283374065,-13.258173090427876,-26.06897362181923,-18.216797223456794,-26.108406201990856,crack
-2.966052411429327,-9.104722477344808,-13.220335409252998,-12.28423310974484,-26.217283335166588,-16.840821562529243,-25.037463973917887,crack
-2.9567137179466005,-9.155341826234071,-12.44565699760678,-13.172993942365427,-26.365317104302846,-18.099007364781002,-26.02314630647153,crack
-2.786175779178058,-8.230242090923909,-10.01580847663008,-10.137436763504573,-20.214927107383453,-14.253339407412692,-21.413679501187328,crack
-2.9430898494700988,-8.491188924574297,-12.146689032434523,-11.823840112163312,-23.809108997338324,-16.073569936220846,-26.16010050789877,crack
-2.9579860623255114,-9.38243842190452,-13.17827469287131,-12.71460471318074,-26.503440474115326,-17.412734906654826,-25.665578487891935,crack
-2.9835021293680604,-9.328650112457646,-12.677708079742459,-14.004613746756737,-27.446476257477297,-18.68366838884162,-27.561042071847925,crack
-2.8318342390875384,-9.686518316592412,-11.204597199757053,-11.16019008524038,-22.342603034525062,-16.00984112326998,-24.368115547873767,inclusion
-2.674432186709748,-9.241997209567455,-10.43059239630714,-10.481431985924914,-20.965940025308935,-15.204130426231163,-21.39252267570642,inclusion
-2.7272674669309405,-9.851485838680484,-10.94785038469476,-10.937599771869593,-22.197773965296648,-15.875698221753128,-21.937585939309184,inclusion
-2.5041616287348862,-9.334873806532453,-9.722577088699714,-9.647114735125296,-19.3547792190349,-14.314853357745086,-19.832502958259415,inclusion
-2.608257738549977,-9.310171179316315,-10.448658441792924,-10.297134753265537,-20.96989388419341,-15.281643455342946,-20.732891272188148,inclusion
-2.8340397294076687,-9.818603688449642,-11.238798447095732,-11.142428346811979,-22.335787477009315,-16.057976363930923,-23.283461150653217,inclusion
-2.8411582660096366,-9.672584892558833,-12.496555465054557,-13.014081302441001,-25.81761454477547,-17.899785700598088,-26.119847944719233,inclusion
-2.8627151467951153,-9.924929385439071,-13.05753045426359,-13.341577269311374,-27.035573385898747,-18.353960682475474,-26.564636276700217,inclusion
-2.8655135756145635,-9.67407235032675,-12.609970452740633,-13.288007687227529,-26.45969895139335,-18.47357880509069,-26.333428177598545,inclusion
-2.8447043213014793,-9.104126265371592,-11.895723890871938,-11.880577462119131,-23.817049451698747,-16.460572146948017,-24.118748739110877,inclusion
-2.765191942750649,-8.984324831552543,-10.956648831910927,-11.126268009929777,-22.16776131316584,-15.674202530973993,-24.06481837534895,inclusion
-2.7031350703560713,-9.165030008896162,-12.220302889923126,-12.456296919202394,-24.795716479222246,-17.117393184524012,-25.938991368188702,inclusion
-2.830961550499598,-9.442378833013333,-11.815971181484581,-12.018800318037759,-24.04607727381745,-16.82333112695586,-24.136715101201165,inclusion
-2.830878674318343,-9.145141839992714,-12.20178942597703,-12.677321540632907,-25.151064211916392,-17.258648144183034,-25.535191867227628,inclusion
-2.766276836695546,-10.295631651730494,-10.802088938091043,-11.135410165376637,-22.1474189045137,-16.290316131956363,-22.47576832874663,inclusion
-2.757470005886529,-8.906405438053028,-11.156147389826923,-11.170874227317418,-22.556959735943536,-15.657574061065654,-22.430887765784938,inclusion
-2.6781164215779465,-9.199946860380084,-10.590404369225313,-10.754535147103566,-21.934772388985593,-15.81426553977824,-21.449037501076184,inclusion
-2.7579592821361314,-9.380958103308982,-10.86204898024595,-10.989957024359152,-21.949237746488027,-15.919377170054098,-22.339686813971127,inclusion
-2.6439573812613206,-9.495491141258512,-11.336396357995335,-10.770076357075284,-21.833222955912188,-16.8083791427398,-22.498584033551186,inclusion
-2.6297335317944572,-8.68341816183169,-10.184670933720367,-10.257702996581724,-21.19424752977907,-14.645029909561549,-20.487097653121772,inclusion
-2.5554751954061885,-8.394812875689919,-10.339115252495784,-10.185841381199383,-20.76741095037955,-15.396787047384743,-20.505087727933294,inclusion
-2.6340223321853005,-9.3704403389188,-10.579175681062738,-10.424221133415209,-21.307356174106708,-15.201738859603893,-20.967070747393873,inclusion
-2.4855500938357955,-10.238119101338876,-9.590370056290173,-9.620251400832299,-19.22730562072944,-14.74189624107181,-20.274100552835964,inclusion
-2.7025859303767996,-9.41889923273669,-10.791491171667005,-10.838472505459658,-22.576794948183068,-16.555820829583887,-21.656567367614265,inclusion
-2.8141180084738306,-9.70428143988924,-11.207585364125379,-11.358216053005101,-22.68306578377888,-16.210523208714854,-23.01876995545113,inclusion
-2.8358141440529807,-9.780781679569653,-12.905734652240097,-11.97055202426872,-24.418195243439616,-17.43620665489404,-25.092946063487688,inclusion
-2.6756802033214595,-10.165467190574153,-10.149057781390578,-10.128596153138377,-20.65795750660814,-15.228140253493489,-20.306723163515333,inclusion
-2.7695823568316196,-9.19188820205616,-11.173898318812597,-11.176911015807724,-22.673029586539815,-15.8560547376274,-22.408601238358195,inclusion
-2.827646341343569,-10.100285059850309,-12.55626956843637,-12.112172637906248,-25.204426723087487,-17.76905440529841,-24.453114082870673,inclusion
-2.693702939504592,-9.843921621588738,-10.846005635433132,-10.862676057902043,-22.13029170071668,-16.153105683682497,-21.752075256620515,inclusion
-2.8340942955338675,-9.116381175014306,-11.753670930958608,-12.455977597349653,-25.28507740907083,-17.11872681630595,-24.568673240475547,inclusion
-2.7920520032521456,-10.680330321458158,-11.214029794011482,-11.206517371389387,-23.391363315021838,-16.682841630523917,-22.419246015398834,inclusion
-2.6206695239333766,-9.56438847972758,-10.422176502419896,-10.450249995048045,-20.886499763798906,-15.283321941509152,-22.77359317650141,inclusion
-2.6462927288600704,-9.757752163540902,-10.631707285425279,-10.592580207423072,-21.20925999957831,-15.49307192693495,-22.047026474267664,inclusion
-2.859825026541409,-9.62744117681518,-13.333482717142292,-12.536011712400274,-26.557848056956757,-17.518403609010086,-25.472217856209074,inclusion
-2.6915146670718113,-10.052065654944945,-10.694466444454578,-10.603747007784083,-21.295723259582513,-15.805377613722037,-21.62623878965338,inclusion
-2.6518293956372987,-9.185347505988117,-10.642944662323103,-10.528662814079661,-21.264346710913827,-15.406805676849284,-21.265618250734935,inclusion
-2.8526009220153155,-10.172078313694865,-11.092447612825094,-11.0740533090094,-22.157355248614927,-16.475777998580433,-23.969892930489372,inclusion
-2.7104822393261143,-10.169874194253154,-10.950008628059372,-10.870799933386605,-22.01812043051596,-16.269374298414785,-21.870076742606646,inclusion
-2.7752698814262335,-9.9181483671768,-11.131904581595569,-11.057437261192332,-22.199853250330257,-16.303331590880692,-22.504456380638214,inclusion
-2.7404764777443464,-10.169402002700487,-11.17916681142166,-11.10967295296988,-22.359220944724832,-16.197915218953014,-22.462058081662132,inclusion
-2.7837561301188978,-9.4178732278253,-11.15593755621108,-11.257354612579242,-22.497005046356318,-16.04891177187468,-22.889385467083464,inclusion
-2.788232864937487,-10.250404137659226,-11.082256045567245,-11.149222058763907,-22.298305052620446,-17.235566386150087,-22.688288474534613,inclusion
-2.751130239382414,-10.561622617943007,-11.236456160375608,-11.078733534319126,-22.29214532033222,-16.362178564237446,-22.558633516348284,inclusion
-2.6849444113673493,-9.279790454794323,-10.646316876537973,-10.677484764820337,-21.41720718058202,-15.318488087178114,-21.599962641594917,inclusion
-2.8460521432696644,-9.322554171741167,-11.607627271224176,-11.55954604301771,-23.647068441743553,-16.463837158362015,-23.165578511845922,inclusion
-2.7771885562140826,-10.004859980365831,-11.177355974761328,-11.081338306219603,-22.455450962432526,-17.273414367402435,-22.29569387809964,inclusion
-2.6915826203967015,-9.850619371618007,-10.726991835007878,-10.710849216241144,-22.005658846434034,-16.206539752453423,-21.44564628397318,inclusion
-2.711662304661284,-10.181670202556292,-10.774592524745483,-10.854344257484271,-21.938274805383926,-16.704045837737873,-21.742914002683218,inclusion
-2.6876597804083624,-9.635151677313054,-10.65078127201907,-10.551812617683721,-21.815543992030616,-16.599736413094252,-21.163638184650125,inclusion
-2.8743739412729186,-9.586740713949808,-11.264240963346852,-11.131018104400107,-22.329493477495152,-16.003685543376545,-23.533803668665094,inclusion
-2.7689499418724886,-9.182372493883982,-11.411406180766946,-11.134360823889113,-22.899289450416173,-16.131206568278234,-22.431025207214358,inclusion
-2.620614005047263,-9.017213343285537,-10.114427359994952,-10.087241712039951,-20.9206046282518,-14.595867502597379,-20.19564890362651,inclusion
-2.7733865467759236,-10.523035869070407,-11.181345714105117,-11.243873432753862,-22.497551903238346,-16.505638096328845,-22.838314550384666,inclusion
-2.766506397439901,-9.132189678913122,-11.563501878124272,-11.16351640331898,-23.071570179973772,-15.95610779126009,-22.545475014049366,inclusion
-2.8064981681599863,-8.752334389595488,-11.37780537818848,-11.528339415321636,-23.077016980825427,-16.780073934202896,-23.20559982340104,inclusion
-2.8274790336827667,-9.525347410118417,-11.250652078499089,-11.272945093994295,-22.547563009748558,-16.143853146375772,-23.15556631536046,inclusion
-2.8212550382997654,-9.957120052369252,-11.137674768858847,-11.132101300986166,-22.583683483140234,-16.432287613203414,-22.324478740843947,inclusion
-2.8684966101282687,-9.049460916856935,-11.935442510483522,-11.760336683887518,-23.73855073154219,-17.74520868299513,-23.78100342570247,inclusion
-2.8341748736447174,-9.683717483831952,-11.027487274206413,-11.035798128117428,-22.18167895597466,-16.06601454571231,-22.26153313591344,inclusion
-2.884911177373144,-8.634850368537858,-11.678270260364975,-12.03136322185442,-23.989252450140743,-16.358627423053036,-24.097487256950487,inclusion
-2.861224163104199,-9.386240130518111,-11.116485295549474,-11.262953311754226,-22.453239245235043,-16.052659842888833,-23.744683309904786,inclusion
-2.8772622791295452,-8.468888187407423,-12.740904486818378,-12.481914060162138,-25.110526020995025,-17.254879994917946,-25.652446905900593,inclusion
-2.7915941947275202,-10.044485650675547,-11.379754050050074,-11.434230252006417,-22.842672668435583,-16.52151715233936,-23.929600546922487,inclusion
-2.7802859451328072,-8.75796618880089,-11.316958523577101,-10.996201178945038,-22.233129002433806,-15.377153812078552,-22.407607372256294,inclusion
-2.717490429135364,-9.911982079310013,-10.81490707151152,-10.932575188744638,-21.964098908758128,-16.533240226917947,-21.94979910352449,inclusion
-2.74199461256919,-9.738001391834482,-10.638921816192665,-10.602142369843131,-21.222722175619865,-15.478043509140686,-23.051758212150887,inclusion
-2.535930423529955,-8.699158544873441,-9.897042971525345,-9.848475008090412,-20.16448674339397,-14.200032682050331,-19.751440857228864,inclusion
-2.851133441032648,-9.805308753146447,-11.137336103560491,-11.041311319715533,-22.28092984861607,-16.143706442240873,-22.281370433237896,inclusion
-2.6516083365866416,-9.317493719407008,-10.204067191915499,-10.16476529382817,-20.714676684972652,-14.877427427625712,-20.39381187958945,inclusion
-2.690078456148277,-10.57023709447906,-10.340818894876024,-10.303546169354625,-20.70890421316154,-16.06282943334275,-20.874370021631243,inclusion
-2.615390888379128,-9.218841951084892,-10.385937162377337,-10.411925712938727,-21.06691944625506,-15.169549241981867,-20.8906539867862,inclusion
-2.720591788846337,-10.587198127715602,-10.410525471559103,-10.46745635291866,-20.954431836323142,-15.797145525608961,-21.257824267079013,inclusion
-2.7169234483589455,-9.811804689935006,-10.438899539228903,-10.454229094495602,-20.90177595361538,-15.816335110916672,-22.07348603619382,inclusion
-2.7253779392482973,-10.720974436225264,-10.448566411413653,-10.405112048618815,-20.863208499040276,-16.35242314653358,-21.26829443000026,inclusion
-2.597047546541217,-10.776215572729846,-10.369635854226345,-10.38143813163465,-21.552102327289095,-15.892748982868106,-20.76262630052938,inclusion
-2.7775069543948367,-9.34764486956801,-11.198449904400398,-11.317177976943157,-22.576612817082335,-16.05294276935285,-23.639300981253616,inclusion
-2.8093009506325393,-10.269888878211697,-11.360307052423686,-11.76548327825134,-23.33254764715719,-17.05569854762045,-24.1888103174581,inclusion
-2.5633769660766585,-9.074947669954813,-10.042471895203635,-9.959719968644867,-20.247333333840114,-14.652019004764073,-20.028346635138252,inclusion
-2.7117628619118643,-9.156316326567442,-10.543355147978462,-10.507624913946245,-21.423794535575254,-17.26461561250199,-21.07238619168185,inclusion
-2.6613062319686716,-10.330339244271672,-10.48639096037906,-10.565480960573359,-21.643292894975268,-15.73616792529477,-21.10922806332346,inclusion
-2.613051150648325,-9.568453761359756,-10.399207757820609,-10.369533802333345,-21.002831167169244,-15.27790849455787,-20.836947079902085,inclusion
-2.7097703120764693,-9.520623892859295,-10.755346979693815,-10.796668265384222,-21.595175042920154,-15.59852398115981,-22.076122395128408,inclusion
-2.7471307634160644,-9.76420589401268,-10.869347089705398,-10.809333720849224,-21.656470650388115,-15.83939390429414,-22.374987365153498,inclusion
-2.755021536866061,-9.643437646488778,-10.87477041802217,-10.883124462911901,-21.906174965960467,-16.114527214979837,-21.919193944183803,inclusion
-2.746175750967585,-9.85217867959464,-10.793531780854272,-10.883256111230287,-21.877934383250324,-16.47000824803846,-21.86654505190749,inclusion
-2.7798616163585206,-9.43115050782807,-10.963749591418791,-10.944494094398747,-22.233705055377232,-15.69279752383112,-21.950824142500938,inclusion
-2.8432845250953127,-9.973037059169872,-11.506319869156231,-11.673771054455951,-23.458421238738914,-16.67252337718742,-23.377700606660586,inclusion
-2.862753270671921,-10.367211262378467,-11.760719691143887,-11.853699631365727,-23.706124209594314,-17.195432537520084,-24.023860900128646,inclusion
-2.637280623104594,-8.825417779959514,-10.247903988653078,-10.205854631251995,-20.84923056681363,-14.621998000045764,-20.467232674739023,inclusion
-2.8415816250508703,-9.288190468545759,-11.634147945340404,-11.657222077477737,-23.72216177655328,-16.7589116677276,-23.33693443104835,inclusion
-2.823811178546813,-9.588290099781727,-11.13351619291235,-11.262151023589508,-22.548669453514353,-16.058468295443255,-22.697272491922128,inclusion
-2.722795996695213,-9.983822305976508,-10.838037237587464,-10.834335795294475,-21.71437393553822,-15.899890092915866,-22.039463584393935,inclusion
-2.8202148554221798,-10.00843082549611,-11.26696360977696,-11.34613420528456,-22.69464063636255,-17.060791983795852,-23.030296418235917,inclusion
-2.8621668834841323,-9.773748168283955,-12.119886656985889,-11.875876664397325,-24.33913515654966,-16.924465588091184,-23.900848328537464,inclusion
-2.8771324272982213,-9.662508150212675,-12.73728396197045,-12.511869807063857,-25.165348528131943,-17.37313434826682,-25.58865178880321,inclusion
-2.8447850305210585,-9.125391843008428,-11.733453998681313,-11.582778155205537,-23.24757556448096,-17.210100380587786,-24.000171953414164,inclusion
-2.8046185304931535,-10.075549286046384,-11.442260898892808,-11.392454045749608,-23.012352121884575,-16.555181364200344,-22.918387699485855,inclusion
-2.687567033008302,-9.762853426731162,-10.779061232187107,-10.663977144795846,-21.661705941979076,-15.826363234720638,-21.456912342307632,inclusion
-2.8144382253269438,-9.47960797845001,-11.352297061715738,-11.493836527096791,-24.018311675657472,-18.127664187650545,-22.91826885521211,inclusion
-3.0834727957474666,-9.997261957233265,-11.859069256861677,-11.638441979611466,-23.578194869762672,-16.704154640298057,-23.5036045414396,pitted
-2.7279325123465683,-8.23974538422402,-9.935295778212831,-9.867641384911995,-19.770073930171517,-13.987722380619044,-20.945938588502774,pitted
-3.125788001176204,-10.577576075096728,-12.734642004923128,-12.721848994038309,-26.638464734824705,-18.236865201693192,-25.451008454116824,pitted
-2.923846718817045,-8.493705815291358,-10.880287975416982,-10.841364898528745,-22.08724219004761,-15.173887087907675,-21.7425959424899,pitted
-3.0521997042720854,-9.26010230472071,-11.392960104134927,-11.407315948955864,-22.840191269965626,-16.03739371793258,-23.234472781210556,pitted
-3.012700679600311,-9.393030605724553,-11.27826875132537,-11.135920626102516,-23.56277009188085,-15.832811911411525,-22.343806057649573,pitted
-3.0918032997209295,-10.122971574846067,-12.810002127124879,-12.353397445612288,-25.032711810978384,-18.610904185713025,-25.1556990367886,pitted
-2.954178214539064,-9.312077308080493,-11.134767265277766,-11.365597158794925,-22.793402897019146,-16.53670605350465,-22.742197547172957,pitted
-2.976978440234211,-9.298630073924839,-10.740894202435314,-10.767301720308764,-21.603382480239627,-15.422221133250344,-21.772618723669726,pitted
-2.74516469278799,-8.020530513818516,-10.152935452276285,-10.234703377765872,-20.447548511567252,-14.259648760918388,-20.96667282077792,pitted
-2.944360850125535,-10.73084251875656,-11.317260227529154,-11.340320933740273,-22.71057401242994,-16.830835138986156,-23.04906241737112,pitted
-2.963245278029412,-8.865239267833754,-10.79882392120901,-10.802895381731178,-21.703598091214882,-15.23552428857958,-21.820485338788284,pitted
-3.11759226546625,-9.980367223460904,-12.236723486185124,-12.372629934413506,-24.790148776281328,-17.759497522352188,-24.873431401344394,pitted
-3.055794349216575,-10.103759823438407,-11.925079645776039,-11.743446675331667,-24.389278593987726,-16.80007586524202,-23.582943916004226,pitted
-3.1164729620365588,-9.91352675424185,-12.02226875336799,-11.988075046177219,-24.012547626684917,-16.954500135363578,-24.52841665621565,pitted
-3.163564741945341,-11.422915628174055,-13.425880069209049,-13.652863686896325,-27.40808653926612,-19.639837719724706,-27.292593581790136,pitted
-2.949819974320816,-9.301429900804738,-11.189592284394354,-11.02183661550241,-24.22752094960232,-15.816050982301139,-22.127564768848135,pitted
-2.7969822301465994,-8.562181955413257,-10.338500722943166,-10.235964546440073,-20.524719469366353,-14.52819549594408,-21.601086592981147,pitted
-3.043437764436366,-9.384323710811378,-11.33406969679949,-11.421840031001503,-23.038110184523443,-16.15988663567393,-22.887963297322884,pitted
-2.868802139400515,-9.730378297380794,-11.89793298687389,-12.396187232630936,-24.553513484089887,-17.290110648374988,-25.21103372094507,pitted
-2.8239503486142192,-8.606865535288982,-11.711686319914497,-11.287245721329421,-23.165394214858285,-15.605862949915876,-22.828442049862122,pitted
-3.0570387630949885,-9.527003774619734,-11.348558159300326,-11.363247927191441,-22.75429346467262,-16.126796407904624,-23.131946162537563,pitted
-2.8481061597364135,-8.619172865531054,-11.13766572571543,-11.207597428813765,-22.920871345105084,-15.672357197896266,-22.399027928081768,pitted
-3.1599822284153154,-10.065688754382098,-12.77165880849123,-12.631476148812466,-26.25618276086506,-17.664844166932326,-25.336159561513067,pitted
-2.6858121074130326,-7.9476234140135364,-9.677267964417796,-9.665480382294128,-19.3682173665699,-13.649568895814555,-19.77251692163813,pitted
-3.0179451223129834,-9.201265371366986,-11.062326828612859,-11.072097253169966,-24.35104911010557,-15.792861093137516,-22.13931748404199,pitted
-3.1568386913701816,-10.638609086829081,-12.694263564247246,-12.627472119190184,-25.288588142184917,-17.99209200458409,-26.75945669097205,pitted
-3.095992438282359,-9.511764416809672,-11.821122871936783,-11.92892683566682,-23.80448448676769,-16.690478253456906,-25.109314184175208,pitted
-3.08960134593018,-10.366393445844865,-11.962106713683491,-12.044282349498644,-24.224888120884312,-17.22835299623133,-24.174062895931655,pitted
-2.924792629769402,-9.689172777619365,-10.96250052506622,-10.914529984127745,-22.190832756956162,-15.859176775345048,-21.904525796367366,pitted
-3.124334377568895,-10.847435979807488,-12.695065959651426,-12.770915143139476,-25.51636525976461,-18.28838327344817,-26.13073140381346,pitted
-3.088012916165503,-9.777668750188166,-11.94377932663111,-11.91438377703494,-23.843646986420243,-16.81116282336235,-25.382306580111763,pitted
-3.074237227623397,-9.1564605167618,-12.204538965919786,-11.459332173220133,-23.39836307157163,-16.212980319401645,-23.496110970301718,pitted
-2.939489815764317,-9.25679519810662,-11.282399311087788,-11.163795245109242,-22.430192052799704,-15.794939602761346,-22.758318225858066,pitted
-2.7813552029399102,-9.520178268093032,-10.540654025353625,-10.549126826535213,-21.325523466217017,-16.036111901357113,-21.18567793336872,pitted
-2.7009097893180196,-8.825566956206554,-10.001564277574357,-9.99040863848419,-20.632198119473703,-14.828435021922578,-19.99778414767232,pitted
-3.090794529768463,-9.541287223932558,-12.001079384634926,-12.187604904557139,-25.30206557596416,-17.06192932383268,-24.283935450948107,pitted
-3.0132070140256095,-9.052230255667325,-11.244251058467382,-11.215808902817312,-22.449973170428034,-16.583796147377292,-23.30807959580658,pitted
-3.1489946549229684,-10.09316256222173,-14.122816202900113,-12.951210572484417,-26.517504330251796,-18.239134856246125,-26.937788539007162,pitted
-2.971997806746248,-8.976981095454496,-11.27520151931643,-11.215980152233092,-22.599076435267865,-17.05165814804892,-22.625924906518904,pitted
-3.1287239134246185,-10.035459170165122,-12.62420990169429,-12.424290766742153,-25.10866741707338,-17.44215732824239,-25.089852223873688,pitted
-3.1335032181008446,-10.236970646826189,-12.30070525270931,-12.232396232404422,-24.642010717968763,-17.67706065210069,-24.657178025441027,pitted
-3.156737173205267,-11.52073444066853,-13.87789754623883,-13.569036014223196,-27.590396457438597,-19.415859238343387,-27.35602775488109,pitted
-2.942402186340793,-9.028728781864428,-10.998885881063243,-10.993921630798768,-21.991068007151647,-15.545253968634762,-23.223690304917653,pitted
-3.1492199218868215,-9.551904416292302,-12.527267710123729,-12.677397282977928,-25.28201465559605,-17.503169796469866,-26.26981704927207,pitted
-3.1506739161471025,-10.072103022185551,-12.730425513446509,-12.63298441715462,-25.93642194411407,-18.618381872460652,-25.327453499782308,pitted
-3.1002592968004,-9.842279835776125,-12.232973261061355,-12.239759824897348,-24.711755331786186,-17.440496889860377,-24.56565280640763,pitted
-2.9782860189701013,-9.617034935520763,-11.074628803358111,-10.922585056669721,-21.936416363996788,-15.860354399030093,-22.50586709085779,pitted
-2.532540442255839,-8.139002847591575,-9.185386488890584,-9.159522387179592,-19.143237732124494,-13.904416573487014,-18.3372184213354,pitted
-2.478332337255878,-7.80699581601021,-9.09665908141262,-8.98209690534929,-18.56778450584144,-13.682022190881243,-18.03976854713189,pitted
-2.7708595344244236,-9.077228380173123,-10.348100794863967,-10.355233473696046,-21.70850301415301,-15.44982050079496,-20.70906688492926,pitted
-2.9349829542214145,-8.887731249853612,-10.952926687290782,-10.93732273687905,-21.943440448231247,-15.390354373235631,-22.187967750827216,pitted
-3.167544265475791,-11.298721774106568,-13.435292694458877,-13.392511956678337,-26.98753999895015,-19.08420713950405,-26.93010535505135,pitted
-2.8690638461098947,-8.706687733985643,-10.655034060076272,-10.663808228600939,-22.271000126410772,-15.451235435961966,-21.32600901893581,pitted
-3.013168071069746,-8.865822706913242,-11.113014939194805,-11.127636930270615,-22.413801282271944,-15.562305533483341,-22.38416485997571,pitted
-3.0831299530044163,-9.086840944747276,-11.21511435431962,-11.241324297074586,-22.53179823472559,-15.785707999446862,-22.771219164785474,pitted
-2.6823281925478235,-7.787459790509382,-9.800999459690763,-9.740816234397881,-19.572040190074702,-13.653787566952506,-19.819345011118784,pitted
-3.108819655269031,-9.717806215765778,-12.798026311754894,-12.424935319172526,-25.504877994447323,-17.50186694970244,-25.063099509939224,pitted
-3.0570250347622605,-10.078572655286058,-11.581404115087937,-11.69518893864608,-23.474814894475927,-16.772934010889205,-23.493591820421216,pitted
-3.1169108617895502,-10.041733088431245,-13.310277819435546,-13.941834391603782,-27.57628086527173,-19.102176013268696,-28.27855882251611,pitted
-3.063676299248853,-9.394072704244431,-11.292910833329323,-11.201808975746296,-22.659461249826272,-16.319811098527,-22.55286023562139,pitted
-3.021994351529963,-9.213275467662303,-11.50282664075061,-11.515332012657279,-23.03650835005924,-16.178753900547242,-23.65746989131821,pitted
-2.60206997721063,-7.771952523872468,-9.430013829602917,-9.48579394717652,-19.200471338103053,-13.374280812180775,-19.023179578661168,pitted
-2.9483194412012383,-10.124998054229888,-11.037246663141167,-11.02523967686326,-22.189871198677725,-16.208208175959957,-22.2255918459662,pitted
-3.0569015436144475,-9.474854490830236,-12.150561688262924,-12.254483726206571,-25.531106250365653,-18.037786475365795,-24.458555617233074,pitted
-2.7947183844340016,-8.168498856992022,-10.341106132544901,-10.31254164006985,-20.655486387816786,-14.445161746368269,-21.212059127875825,pitted
-3.054937594145707,-9.301780635983604,-11.563180434386052,-11.465031509531862,-22.979972293419056,-16.131555377315443,-24.187137588614448,pitted
-2.9913868737186258,-8.486242636887335,-11.268426440552405,-11.303120107792955,-22.80791270720683,-15.77823182524233,-22.68741129864022,pitted
-3.135144166317216,-9.980033758686906,-11.947753784476848,-12.137137715803496,-24.182459304215474,-17.29750671699091,-25.12001472643606,pitted
-3.0401405678444684,-9.970755256702578,-11.639854678380466,-11.597558687776047,-23.217464059271467,-16.589008172590656,-24.345888442777344,pitted
-2.991802303975111,-9.38275204705708,-12.696108474631622,-11.792918829305897,-24.10552078455607,-17.728999024871413,-24.322428693816615,pitted
-3.161915542901489,-10.660526172497583,-13.103101570523108,-13.189437220921835,-27.25164290635458,-18.519965809459062,-26.338928423935545,pitted
-2.7424815577469372,-8.13753081481356,-10.893915065545707,-11.175605868685059,-22.305746179710987,-15.72995655034609,-22.434962298108267,pitted
-3.008376487268907,-9.87893397122799,-12.159848161337043,-11.964166441588485,-24.10104715868545,-18.191764153360708,-24.293749153200203,pitted
-3.024732229517225,-9.569727213196076,-11.037016860461792,-11.027528370163319,-22.371101683172814,-15.822824308966057,-22.118951974298675,pitted
-2.939552886351729,-9.580681701598657,-11.350736516409155,-11.340774061968817,-22.725540626135405,-16.160556892563577,-23.078525131392094,pitted
-3.1447776949945117,-9.906270389930475,-12.584669968133495,-12.870182678595492,-25.92058801366635,-18.058307172846078,-25.65322881938742,pitted
-3.0644474948434106,-9.997535620717906,-11.444092200460897,-11.457676671099504,-22.957464731950825,-16.512902067727385,-23.25626084603324,pitted
-3.025031727677801,-9.180057871336706,-11.356741456150122,-11.523847225233048,-22.9882347096002,-16.332540685056454,-23.453507188131518,pitted
-3.122850830011701,-9.956953123405015,-12.14150984027454,-11.837344145424566,-24.770538729099524,-17.482740945914497,-23.829602841660318,pitted
-3.0718701127686137,-9.007192745628647,-12.07605298447192,-12.335925295502529,-24.657762392405907,-17.022216575533456,-24.73370226139103,pitted
-3.1270130374284255,-9.258590781928078,-11.837349783625312,-12.658142351553936,-24.942514217207446,-18.432181473256716,-25.3104275886355,pitted
-2.883418490750338,-8.595820889568254,-10.700050125559304,-10.661720341624555,-22.56792154329815,-15.257755394231364,-21.343376288536504,pitted
-3.1618376856609003,-10.509921576840606,-12.962670590576414,-13.003110834266051,-26.047078082090906,-18.640432664737023,-26.29126446069995,pitted
-2.851516271506993,-8.01541178759966,-10.45130107710091,-10.396284809763184,-20.82662631038305,-14.404001121012787,-21.58364814881864,pitted
-2.8974689764225863,-8.997188671719826,-10.43495734661385,-10.48734845864901,-21.029450602745424,-15.0251552539613,-21.201990839897004,pitted
-3.130022144873766,-11.22952208303504,-13.348335566499994,-13.266024715190472,-26.580158705918784,-19.012281044899616,-27.32393700468233,pitted
-3.1207150953185434,-9.611913840112349,-13.003792953105362,-12.604244394726468,-25.63627889318294,-17.492523957372285,-25.501779554520457,pitted
-3.104049784527081,-9.086755193830205,-11.412510848679668,-11.594328250638657,-23.549779187542867,-16.157095598411665,-23.126674377817693,pitted
-2.9692327239541885,-9.591584219998316,-11.45845158962739,-11.333524778416518,-23.292112044504172,-16.748125553355862,-22.746431582132136,pitted
-2.6065151536276567,-8.482690755786065,-9.452732976982933,-9.483129171314516,-19.42851192575516,-13.781578784588527,-18.976595238820934,pitted
-3.087466263078916,-10.367582869204215,-12.02452265010532,-11.853801843476193,-23.81624932560315,-17.076924152269143,-24.28933952105078,pitted
-3.1184730727782752,-10.31156721997228,-12.734915093437937,-12.41876810369134,-24.995931485532935,-17.589450913741636,-26.41036599679062,pitted
-2.741104941829121,-8.18545991146506,-9.833280212236337,-9.908852477152838,-19.819533967226022,-14.005877111408536,-20.16887187678762,pitted
-3.16285564522224,-11.546123680378114,-13.435732981402795,-13.597612679733999,-27.628713755968157,-19.757309898396493,-27.13561872993046,pitted
-3.1708408826205794,-10.920340678858574,-12.82659418496598,-13.362085408324509,-26.464463452909765,-18.988945983392643,-27.176228389794673,pitted
-3.012117504596519,-9.821810527269806,-11.445866069651393,-11.45807173801302,-22.933948728827218,-16.37405687833277,-23.40098976147304,pitted
-3.0055136606493886,-9.447598318252716,-11.185776058624144,-11.168804801287424,-22.35944341916948,-15.914103995791072,-22.95840113949591,pitted
-3.111375553268716,-9.551608728584009,-11.90023858168058,-11.811065049930052,-24.089289147474823,-16.597133851517306,-23.700186383837544,pitted
-2.9537111813488908,-9.331524267217006,-11.101932185134048,-11.21964399874842,-22.435783665193934,-16.130688245360453,-22.704332476454677,pitted
